{
    "b_coefficients": [
        -0.3804057540616983,
        0.213244787222995,
        0.26078504861689744,
        0.06127719756949623,
        0.270967179954561
    ],
    "a_coefficients": [
        1.0,
        0.022732829381994057,
        -0.07245898164145037,
        -0.4745808732559048,
        -0.39210857300669555
    ]
}